{"description":"NewLand Common Pass","formatVersion":1,"organizationName":"NPT Pass","passTypeIdentifier":"pass.com.newland.passtest3","serialNumber":"WHE2900JH6","teamIdentifier":"6F2L4FSD56","authenticationToken":"5fab4efc45ec403f","webServiceURL":"https://flykey.newlandpayment.com:18181/vas/online","storeCard":{"headerFields":[{"key":"cupn_points","label":"积分","value":"0"}],"auxiliaryFields":[{"key":"mrch_name","label":"商户名称","value":"Newland"},{"key":"mem_cardno","label":"会员卡号","value":"240719003612"},{"key":"mem_level","label":"级别","value":"青铜"},{"key":"cupn_state","label":"状态","value":"有效"}],"backFields":[{"key":"website_url","label":"网址","value":"https://flykey.newlandpayment.com:18181/vas/online/vas"},{"key":"merch_addr","label":"商户地址","value":"福建省福州市"},{"key":"merch_inkm","label":"商户联系人","value":"张轩松"},{"key":"merch_phone","label":"商户联系电话","value":""},{"key":"mem_agreement","label":"会员协议","value":"https://flykey.newlandpayment.com:18181/vas/online/vas"}]},"barcode":{"altText":"","format":"PKBarcodeFormatQR","message":"","messageEncoding":"GBK"},"backgroundColor":"rgb(0 , 111 , 255)","foregroundColor":"rgb(199 , 221 , 254)","labelColor":"rgb(11 , 10 , 10)","logoText":"NewLand Common Pass","nfc":{"message":"574845323930304A4836            00240719003612|011|020","encryptionPublicKey":"MDkwEwYHKoZIzj0CAQYIKoZIzj0DAQcDIgAC8TIF9x3SB/wY1PvIuCZ8SqbRmJPKnVRMK8XTZGg6Xxg="},"beacons":[{"proximityUUID":"FDA50693-A4E2-4FB1-AFCF-C6EB07647825","relevantText":"Welcome to my store, new shoes are hot saling[From iBeacon]!","name":"Newland NPT store"}]}